{"cameraMode":{"drawMode":0,"name":"Shaded","section":"Shading Mode"},"sceneLighting":false,"audioPlay":false,"sceneViewState":{"m_AlwaysRefresh":false,"showFog":true,"showSkybox":false,"showFlares":true,"showImageEffects":true,"showParticleSystems":true,"showVisualEffectGraphs":true,"m_FxEnabled":true},"in2DMode":false,"pivot":{"x":-0.0032495856285095217,"y":0.514833927154541,"z":-0.12800073623657227},"rotation":{"x":-0.27267932891845705,"y":0.19654062390327454,"z":-0.057007797062397,"w":-0.9400898218154907},"size":1.5877854824066163,"orthographic":false}